Parula;;;turbo;;;hsv;;;hot;;;cool;;;spring;;;summer;;;autumn;;;winter;;;bone;;;pink;;;jet;;;lines;;;colorcube;;;prism;;;flag;;
62;38;168;48;18;59;255;0;0;3;0;0;0;255;255;255;0;255;0;128;102;255;0;0;0;0;255;0;0;0;15;0;0;0;0;131;0;114;189;51;51;0;255;0;0;255;0;0
62;39;172;50;21;67;255;6;0;5;0;0;1;254;255;255;1;254;1;128;102;255;1;0;0;1;255;1;1;2;25;13;13;0;0;135;217;83;25;51;102;0;255;128;0;255;255;255
63;40;175;51;24;74;255;12;0;8;0;0;2;253;255;255;2;253;2;129;102;255;2;0;0;2;254;2;2;3;32;18;18;0;0;139;237;177;32;51;153;0;255;255;0;0;0;255
63;41;178;52;27;81;255;18;0;11;0;0;3;252;255;255;3;252;3;129;102;255;3;0;0;3;254;3;3;4;38;23;23;0;0;143;126;47;142;51;204;0;0;255;0;0;0;0
64;42;180;53;30;88;255;24;0;13;0;0;4;251;255;255;4;251;4;130;102;255;4;0;0;4;253;4;4;5;43;26;26;0;0;147;119;172;48;51;255;0;0;0;255;255;0;0
64;43;183;54;33;95;255;30;0;16;0;0;5;250;255;255;5;250;5;130;102;255;5;0;0;5;253;4;4;6;47;29;29;0;0;151;77;190;238;102;51;0;170;0;255;255;255;255
65;44;186;55;36;102;255;36;0;19;0;0;6;249;255;255;6;249;6;131;102;255;6;0;0;6;252;5;5;8;51;32;32;0;0;155;162;20;47;102;102;0;255;0;0;0;0;255
65;45;189;56;39;109;255;42;0;21;0;0;7;248;255;255;7;248;7;131;102;255;7;0;0;7;252;6;6;9;55;34;34;0;0;159;0;114;189;102;153;0;255;128;0;0;0;0
66;46;191;57;42;115;255;48;0;24;0;0;8;247;255;255;8;247;8;132;102;255;8;0;0;8;251;7;7;10;58;37;37;0;0;163;217;83;25;102;204;0;255;255;0;255;0;0
66;47;194;58;45;121;255;54;0;27;0;0;9;246;255;255;9;246;9;132;102;255;9;0;0;9;251;8;8;11;62;39;39;0;0;167;237;177;32;102;255;0;0;255;0;255;255;255
67;48;197;59;47;128;255;60;0;29;0;0;10;245;255;255;10;245;10;133;102;255;10;0;0;10;250;9;9;12;65;41;41;0;0;171;126;47;142;153;51;0;0;0;255;0;0;255
67;49;200;60;50;134;255;66;0;32;0;0;11;244;255;255;11;244;11;133;102;255;11;0;0;11;250;10;10;14;68;43;43;0;0;175;119;172;48;153;102;0;170;0;255;0;0;0
67;50;202;61;53;139;255;72;0;35;0;0;12;243;255;255;12;243;12;134;102;255;12;0;0;12;249;11;11;15;71;45;45;0;0;179;77;190;238;153;153;0;255;0;0;255;0;0
68;51;205;62;56;145;255;78;0;37;0;0;13;242;255;255;13;242;13;134;102;255;13;0;0;13;249;11;11;16;73;47;47;0;0;183;162;20;47;153;204;0;255;128;0;255;255;255
68;52;208;63;59;151;255;84;0;40;0;0;14;241;255;255;14;241;14;135;102;255;14;0;0;14;248;12;12;17;76;49;49;0;0;187;0;114;189;153;255;0;255;255;0;0;0;255
69;53;210;63;62;156;255;90;0;43;0;0;15;240;255;255;15;240;15;135;102;255;15;0;0;15;248;13;13;18;79;50;50;0;0;191;217;83;25;204;51;0;0;255;0;0;0;0
69;55;213;64;64;162;255;96;0;45;0;0;16;239;255;255;16;239;16;136;102;255;16;0;0;16;247;14;14;20;81;52;52;0;0;195;237;177;32;204;102;0;0;0;255;255;0;0
69;56;215;65;67;167;255;102;0;48;0;0;17;238;255;255;17;238;17;136;102;255;17;0;0;17;247;15;15;21;83;54;54;0;0;199;126;47;142;204;153;0;170;0;255;255;255;255
70;57;217;65;70;172;255;108;0;50;0;0;18;237;255;255;18;237;18;137;102;255;18;0;0;18;246;16;16;22;86;55;55;0;0;203;119;172;48;204;204;0;255;0;0;0;0;255
70;58;220;66;73;177;255;114;0;53;0;0;19;236;255;255;19;236;19;137;102;255;19;0;0;19;246;17;17;23;88;57;57;0;0;207;77;190;238;204;255;0;255;128;0;0;0;0
70;59;222;66;75;181;255;120;0;56;0;0;20;235;255;255;20;235;20;138;102;255;20;0;0;20;245;18;18;24;90;58;58;0;0;211;162;20;47;255;51;0;255;255;0;255;0;0
70;61;224;67;78;186;255;126;0;58;0;0;21;234;255;255;21;234;21;138;102;255;21;0;0;21;244;18;18;26;92;60;60;0;0;215;0;114;189;255;102;0;0;255;0;255;255;255
71;62;225;68;81;191;255;131;0;61;0;0;22;233;255;255;22;233;22;139;102;255;22;0;0;22;244;19;19;27;95;61;61;0;0;219;217;83;25;255;153;0;0;0;255;0;0;255
71;63;227;68;84;195;255;137;0;64;0;0;23;232;255;255;23;232;23;139;102;255;23;0;0;23;243;20;20;28;97;63;63;0;0;223;237;177;32;255;204;0;170;0;255;0;0;0
71;65;229;68;86;199;255;143;0;66;0;0;24;231;255;255;24;231;24;140;102;255;24;0;0;24;243;21;21;29;99;64;64;0;0;227;126;47;142;255;255;0;255;0;0;255;0;0
71;66;230;69;89;203;255;149;0;69;0;0;25;230;255;255;25;230;25;140;102;255;25;0;0;25;243;22;22;31;101;65;65;0;0;231;119;172;48;0;51;51;255;128;0;255;255;255
71;68;232;69;92;207;255;155;0;72;0;0;26;229;255;255;26;229;26;141;102;255;26;0;0;26;242;23;23;32;103;66;66;0;0;235;77;190;238;0;102;51;255;255;0;0;0;255
71;69;233;69;94;211;255;161;0;74;0;0;27;228;255;255;27;228;27;141;102;255;27;0;0;27;242;24;24;33;104;68;68;0;0;239;162;20;47;0;153;51;0;255;0;0;0;0
71;70;235;70;97;214;255;167;0;77;0;0;28;227;255;255;28;227;28;142;102;255;28;0;0;28;241;24;24;34;106;69;69;0;0;243;0;114;189;0;204;51;0;0;255;255;0;0
72;72;236;70;100;218;255;173;0;80;0;0;29;226;255;255;29;226;29;142;102;255;29;0;0;29;241;25;25;35;108;70;70;0;0;247;217;83;25;0;255;51;170;0;255;255;255;255
72;73;237;70;102;221;255;179;0;82;0;0;30;225;255;255;30;225;30;143;102;255;30;0;0;30;240;26;26;37;110;71;71;0;0;251;237;177;32;51;0;51;255;0;0;0;0;255
72;75;238;70;105;224;255;185;0;85;0;0;31;224;255;255;31;224;31;143;102;255;31;0;0;31;240;27;27;38;112;73;73;0;0;255;126;47;142;51;102;51;255;128;0;0;0;0
72;76;240;70;107;227;255;191;0;88;0;0;32;223;255;255;32;223;32;144;102;255;32;0;0;32;239;28;28;39;114;74;74;0;4;255;119;172;48;51;153;51;255;255;0;255;0;0
72;78;241;71;110;230;255;197;0;90;0;0;33;222;255;255;33;222;33;144;102;255;33;0;0;33;239;29;29;40;115;75;75;0;8;255;77;190;238;51;204;51;0;255;0;255;255;255
72;79;242;71;113;233;255;203;0;93;0;0;34;221;255;255;34;221;34;145;102;255;34;0;0;34;238;30;30;41;117;76;76;0;12;255;162;20;47;51;255;51;0;0;255;0;0;255
72;80;243;71;115;235;255;209;0;96;0;0;35;220;255;255;35;220;35;145;102;255;35;0;0;35;238;31;31;43;119;77;77;0;16;255;0;114;189;102;0;51;170;0;255;0;0;0
72;82;244;71;118;238;255;215;0;98;0;0;36;219;255;255;36;219;36;146;102;255;36;0;0;36;237;32;32;44;120;78;78;0;20;255;217;83;25;102;51;51;255;0;0;255;0;0
72;83;245;71;120;240;255;221;0;101;0;0;37;218;255;255;37;218;37;146;102;255;37;0;0;37;237;32;32;45;122;79;79;0;24;255;237;177;32;102;102;51;255;128;0;255;255;255
72;84;246;71;123;242;255;227;0;104;0;0;38;217;255;255;38;217;38;147;102;255;38;0;0;38;236;33;33;46;124;80;80;0;28;255;126;47;142;102;153;51;255;255;0;0;0;255
71;86;247;70;125;244;255;233;0;106;0;0;39;216;255;255;39;216;39;147;102;255;39;0;0;39;236;34;34;47;125;81;81;0;32;255;119;172;48;102;204;51;0;255;0;0;0;0
71;87;247;70;128;246;255;239;0;109;0;0;40;215;255;255;40;215;40;147;102;255;40;0;0;40;235;35;35;49;127;82;82;0;36;255;77;190;238;102;255;51;0;0;255;255;0;0
71;89;248;70;130;248;255;245;0;112;0;0;41;214;255;255;41;214;41;148;102;255;41;0;0;41;235;36;36;50;128;83;83;0;40;255;162;20;47;153;0;51;170;0;255;255;255;255
71;90;249;70;133;250;255;251;0;114;0;0;42;213;255;255;42;213;42;149;102;255;42;0;0;42;234;37;37;51;130;84;84;0;44;255;0;114;189;153;51;51;255;0;0;0;0;255
71;91;250;70;135;251;253;255;0;117;0;0;43;212;255;255;43;212;43;149;102;255;43;0;0;43;234;38;38;52;131;85;85;0;48;255;217;83;25;153;102;51;255;128;0;0;0;0
71;93;250;69;138;252;247;255;0;120;0;0;44;211;255;255;44;211;44;150;102;255;44;0;0;44;233;39;39;53;133;86;86;0;52;255;237;177;32;153;153;51;255;255;0;255;0;0
70;94;251;69;140;253;241;255;0;122;0;0;45;210;255;255;45;210;45;150;102;255;45;0;0;45;233;39;39;55;134;87;87;0;56;255;126;47;142;153;204;51;0;255;0;255;255;255
70;96;251;68;143;254;235;255;0;125;0;0;46;209;255;255;46;209;46;151;102;255;46;0;0;46;232;40;40;56;136;88;88;0;60;255;119;172;48;153;255;51;0;0;255;0;0;255
70;97;252;67;145;254;229;255;0;128;0;0;47;208;255;255;47;208;47;151;102;255;47;0;0;47;232;41;41;57;137;89;89;0;64;255;77;190;238;204;0;51;170;0;255;0;0;0
69;98;252;66;148;255;223;255;0;130;0;0;48;207;255;255;48;207;48;152;102;255;48;0;0;48;231;42;42;58;139;90;90;0;68;255;162;20;47;204;51;51;255;0;0;255;0;0
69;100;253;65;150;255;217;255;0;133;0;0;49;206;255;255;49;206;49;152;102;255;49;0;0;49;231;43;43;59;140;91;91;0;72;255;0;114;189;204;102;51;255;128;0;255;255;255
68;101;253;64;153;255;211;255;0;135;0;0;50;205;255;255;50;205;50;153;102;255;50;0;0;50;230;44;44;61;141;92;92;0;76;255;217;83;25;204;153;51;255;255;0;0;0;255
67;103;253;62;155;254;205;255;0;138;0;0;51;204;255;255;51;204;51;153;102;255;51;0;0;51;230;45;45;62;143;93;93;0;80;255;237;177;32;204;204;51;0;255;0;0;0;0
67;104;254;61;158;254;199;255;0;141;0;0;52;203;255;255;52;203;52;154;102;255;52;0;0;52;229;46;46;63;144;94;94;0;84;255;126;47;142;204;255;51;0;0;255;255;0;0
66;106;254;59;160;253;193;255;0;143;0;0;53;202;255;255;53;202;53;154;102;255;53;0;0;53;228;46;46;64;146;95;95;0;88;255;119;172;48;255;0;51;170;0;255;255;255;255
65;107;254;58;163;252;187;255;0;146;0;0;54;201;255;255;54;201;54;155;102;255;54;0;0;54;228;47;47;66;147;96;96;0;92;255;77;190;238;255;51;51;255;0;0;0;0;255
64;109;254;56;165;251;181;255;0;149;0;0;55;200;255;255;55;200;55;155;102;255;55;0;0;55;227;48;48;67;148;97;97;0;96;255;162;20;47;255;102;51;255;128;0;0;0;0
63;110;255;55;168;250;175;255;0;151;0;0;56;199;255;255;56;199;56;156;102;255;56;0;0;56;227;49;49;68;150;98;98;0;100;255;0;114;189;255;153;51;255;255;0;255;0;0
62;112;255;53;171;248;169;255;0;154;0;0;57;198;255;255;57;198;57;156;102;255;57;0;0;57;227;50;50;69;151;98;98;0;104;255;217;83;25;255;204;51;0;255;0;255;255;255
60;113;255;51;173;247;163;255;0;157;0;0;58;197;255;255;58;197;58;157;102;255;58;0;0;58;226;51;51;70;152;99;99;0;108;255;237;177;32;255;255;51;0;0;255;0;0;255
59;115;255;49;175;245;157;255;0;159;0;0;59;196;255;255;59;196;59;157;102;255;59;0;0;59;226;52;52;72;154;100;100;0;112;255;126;47;142;0;51;102;170;0;255;0;0;0
57;116;255;47;178;244;151;255;0;162;0;0;60;195;255;255;60;195;60;158;102;255;60;0;0;60;225;53;53;73;155;101;101;0;116;255;119;172;48;0;102;102;255;0;0;255;0;0
56;118;254;46;180;242;145;255;0;165;0;0;61;194;255;255;61;194;61;158;102;255;61;0;0;61;225;53;53;74;156;102;102;0;120;255;77;190;238;0;153;102;255;128;0;255;255;255
54;119;254;44;183;240;139;255;0;167;0;0;62;193;255;255;62;193;62;159;102;255;62;0;0;62;224;54;54;75;157;103;103;0;124;255;162;20;47;0;204;102;255;255;0;0;0;255
53;121;253;42;185;238;133;255;0;170;0;0;63;192;255;255;63;192;63;159;102;255;63;0;0;63;224;55;55;76;159;103;103;0;128;255;0;114;189;0;255;102;0;255;0;0;0;0
51;122;253;40;188;235;128;255;0;173;0;0;64;191;255;255;64;191;64;160;102;255;64;0;0;64;223;56;56;78;160;104;104;0;131;255;217;83;25;51;0;102;0;0;255;255;0;0
50;124;252;39;190;233;122;255;0;175;0;0;65;190;255;255;65;190;65;160;102;255;65;0;0;65;223;57;57;79;161;105;105;0;135;255;237;177;32;51;51;102;170;0;255;255;255;255
49;125;252;37;192;231;116;255;0;178;0;0;66;189;255;255;66;189;66;161;102;255;66;0;0;66;222;58;58;80;162;106;106;0;139;255;126;47;142;51;102;102;255;0;0;0;0;255
48;127;251;35;195;228;110;255;0;181;0;0;67;188;255;255;67;188;67;161;102;255;67;0;0;67;222;59;59;81;164;107;107;0;143;255;119;172;48;51;153;102;255;128;0;0;0;0
47;128;250;34;197;226;104;255;0;183;0;0;68;187;255;255;68;187;68;162;102;255;68;0;0;68;221;60;60;82;165;108;108;0;147;255;77;190;238;51;204;102;255;255;0;255;0;0
47;130;250;32;199;223;98;255;0;186;0;0;69;186;255;255;69;186;69;162;102;255;69;0;0;69;221;60;60;84;166;108;108;0;151;255;162;20;47;51;255;102;0;255;0;255;255;255
46;131;249;31;201;221;92;255;0;189;0;0;70;185;255;255;70;185;70;163;102;255;70;0;0;70;220;61;61;85;167;109;109;0;155;255;0;114;189;102;0;102;0;0;255;0;0;255
46;132;248;30;203;218;86;255;0;191;0;0;71;184;255;255;71;184;71;163;102;255;71;0;0;71;220;62;62;86;168;110;110;0;159;255;217;83;25;102;51;102;170;0;255;0;0;0
46;134;248;28;205;216;80;255;0;194;0;0;72;183;255;255;72;183;72;163;102;255;72;0;0;72;219;63;63;87;169;111;111;0;163;255;237;177;32;102;153;102;255;0;0;255;0;0
46;135;247;27;208;213;74;255;0;197;0;0;73;182;255;255;73;182;73;164;102;255;73;0;0;73;219;64;64;88;171;111;111;0;167;255;126;47;142;102;204;102;255;128;0;255;255;255
45;136;246;26;210;210;68;255;0;199;0;0;74;181;255;255;74;181;74;165;102;255;74;0;0;74;218;65;65;90;172;112;112;0;171;255;119;172;48;102;255;102;255;255;0;0;0;255
45;138;245;26;212;208;62;255;0;202;0;0;75;180;255;255;75;180;75;165;102;255;75;0;0;75;218;66;66;91;173;113;113;0;175;255;77;190;238;153;0;102;0;255;0;0;0;0
45;139;244;25;213;205;56;255;0;205;0;0;76;179;255;255;76;179;76;166;102;255;76;0;0;76;217;67;67;92;174;114;114;0;179;255;162;20;47;153;51;102;0;0;255;255;0;0
45;140;243;24;215;202;50;255;0;207;0;0;77;178;255;255;77;178;77;166;102;255;77;0;0;77;217;67;67;93;175;114;114;0;183;255;0;114;189;153;102;102;170;0;255;255;255;255
45;142;242;24;217;200;44;255;0;210;0;0;78;177;255;255;78;177;78;167;102;255;78;0;0;78;216;68;68;94;176;115;115;0;187;255;217;83;25;153;153;102;255;0;0;0;0;255
44;143;241;24;219;197;38;255;0;213;0;0;79;176;255;255;79;176;79;167;102;255;79;0;0;79;216;69;69;96;177;116;116;0;191;255;237;177;32;153;204;102;255;128;0;0;0;0
44;144;240;24;221;194;32;255;0;215;0;0;80;175;255;255;80;175;80;168;102;255;80;0;0;80;215;70;70;97;179;117;117;0;195;255;126;47;142;153;255;102;255;255;0;255;0;0
43;145;239;24;222;192;26;255;0;218;0;0;81;174;255;255;81;174;81;168;102;255;81;0;0;81;215;71;71;98;180;117;117;0;199;255;119;172;48;204;0;102;0;255;0;255;255;255
42;147;238;24;224;189;20;255;0;220;0;0;82;173;255;255;82;173;82;169;102;255;82;0;0;82;214;72;72;99;181;118;118;0;203;255;77;190;238;204;51;102;0;0;255;0;0;255
41;148;237;25;226;187;14;255;0;223;0;0;83;172;255;255;83;172;83;169;102;255;83;0;0;83;214;73;73;101;182;119;119;0;207;255;162;20;47;204;102;102;170;0;255;0;0;0
40;149;236;25;227;185;8;255;0;226;0;0;84;171;255;255;84;171;84;170;102;255;84;0;0;84;213;74;74;102;183;119;119;0;211;255;0;114;189;204;153;102;255;0;0;255;0;0
39;151;235;26;228;182;2;255;0;228;0;0;85;170;255;255;85;170;85;170;102;255;85;0;0;85;213;74;74;103;184;120;120;0;215;255;217;83;25;204;204;102;255;128;0;255;255;255
39;152;234;28;230;180;0;255;4;231;0;0;86;169;255;255;86;169;86;171;102;255;86;0;0;86;212;75;75;104;185;121;121;0;219;255;237;177;32;204;255;102;255;255;0;0;0;255
38;153;233;29;231;178;0;255;10;234;0;0;87;168;255;255;87;168;87;171;102;255;87;0;0;87;211;76;76;105;186;122;122;0;223;255;126;47;142;255;0;102;0;255;0;0;0;0
38;154;232;31;233;175;0;255;16;236;0;0;88;167;255;255;88;167;88;172;102;255;88;0;0;88;211;77;77;107;187;122;122;0;227;255;119;172;48;255;51;102;0;0;255;255;0;0
37;155;232;32;234;172;0;255;22;239;0;0;89;166;255;255;89;166;89;172;102;255;89;0;0;89;211;78;78;108;188;123;123;0;231;255;77;190;238;255;102;102;170;0;255;255;255;255
37;156;231;34;235;170;0;255;28;242;0;0;90;165;255;255;90;165;90;173;102;255;90;0;0;90;210;79;79;109;189;124;124;0;235;255;162;20;47;255;153;102;255;0;0;0;0;255
36;158;230;37;236;167;0;255;34;244;0;0;91;164;255;255;91;164;91;173;102;255;91;0;0;91;210;80;80;110;190;124;124;0;239;255;0;114;189;255;204;102;255;128;0;0;0;0
36;159;229;39;238;164;0;255;40;247;0;0;92;163;255;255;92;163;92;174;102;255;92;0;0;92;209;81;81;111;191;125;125;0;243;255;217;83;25;255;255;102;255;255;0;255;0;0
35;160;229;42;239;161;0;255;46;250;0;0;93;162;255;255;93;162;93;174;102;255;93;0;0;93;209;81;81;113;192;126;126;0;247;255;237;177;32;0;51;153;0;255;0;255;255;255
35;161;228;44;240;158;0;255;52;252;0;0;94;161;255;255;94;161;94;175;102;255;94;0;0;94;208;82;82;114;193;126;126;0;251;255;126;47;142;0;102;153;0;0;255;0;0;255
34;162;228;47;241;155;0;255;58;255;0;0;95;160;255;255;95;160;95;175;102;255;95;0;0;95;208;83;83;115;194;127;127;0;255;255;119;172;48;0;153;153;170;0;255;0;0;0
33;163;227;50;242;152;0;255;64;255;3;0;96;159;255;255;96;159;96;176;102;255;96;0;0;96;207;84;84;116;195;129;128;4;255;251;77;190;238;0;204;153;255;0;0;255;0;0
32;165;227;53;243;148;0;255;70;255;5;0;97;158;255;255;97;158;97;176;102;255;97;0;0;97;207;85;86;117;195;130;128;8;255;247;162;20;47;0;255;153;255;128;0;255;255;255
31;166;226;56;244;145;0;255;76;255;8;0;98;157;255;255;98;157;98;177;102;255;98;0;0;98;206;86;87;118;196;132;129;12;255;243;0;114;189;51;0;153;255;255;0;0;0;255
30;167;225;60;245;142;0;255;82;255;11;0;99;156;255;255;99;156;99;177;102;255;99;0;0;99;206;87;88;119;196;133;130;16;255;239;217;83;25;51;51;153;0;255;0;0;0;0
29;168;225;63;246;138;0;255;88;255;13;0;100;155;255;255;100;155;100;178;102;255;100;0;0;100;205;88;89;119;197;135;130;20;255;235;237;177;32;51;102;153;0;0;255;255;0;0
29;169;224;67;247;135;0;255;94;255;16;0;101;154;255;255;101;154;101;178;102;255;101;0;0;101;205;88;90;120;197;136;131;24;255;231;126;47;142;51;153;153;170;0;255;255;255;255
28;170;223;70;248;132;0;255;100;255;19;0;102;153;255;255;102;153;102;179;102;255;102;0;0;102;204;89;92;121;198;138;132;28;255;227;119;172;48;51;204;153;255;0;0;0;0;255
27;171;222;74;248;128;0;255;106;255;21;0;103;152;255;255;103;152;103;179;102;255;103;0;0;103;204;90;93;122;198;139;132;32;255;223;77;190;238;51;255;153;255;128;0;0;0;0
26;172;221;78;249;125;0;255;112;255;24;0;104;151;255;255;104;151;104;179;102;255;104;0;0;104;203;91;94;123;198;140;133;36;255;219;162;20;47;102;0;153;255;255;0;255;0;0
25;173;220;82;250;122;0;255;118;255;27;0;105;150;255;255;105;150;105;180;102;255;105;0;0;105;203;92;95;124;199;142;134;40;255;215;0;114;189;102;51;153;0;255;0;255;255;255
23;174;218;85;250;118;0;255;124;255;29;0;106;149;255;255;106;149;106;181;102;255;106;0;0;106;202;93;96;125;199;143;134;44;255;211;217;83;25;102;102;153;0;0;255;0;0;255
22;175;217;89;251;115;0;255;129;255;32;0;107;148;255;255;107;148;107;181;102;255;107;0;0;107;202;94;98;126;200;145;135;48;255;207;237;177;32;102;153;153;170;0;255;0;0;0
20;176;216;93;252;111;0;255;135;255;35;0;108;147;255;255;108;147;108;182;102;255;108;0;0;108;201;95;99;126;200;146;135;52;255;203;126;47;142;102;204;153;255;0;0;255;0;0
18;177;214;97;252;108;0;255;141;255;37;0;109;146;255;255;109;146;109;182;102;255;109;0;0;109;201;95;100;127;201;147;136;56;255;199;119;172;48;102;255;153;255;128;0;255;255;255
16;178;213;101;253;105;0;255;147;255;40;0;110;145;255;255;110;145;110;183;102;255;110;0;0;110;200;96;101;128;201;149;137;60;255;195;77;190;238;153;0;153;255;255;0;0;0;255
14;179;212;105;253;102;0;255;153;255;43;0;111;144;255;255;111;144;111;183;102;255;111;0;0;111;200;97;102;129;201;150;137;64;255;191;162;20;47;153;51;153;0;255;0;0;0;0
11;179;210;109;254;98;0;255;159;255;45;0;112;143;255;255;112;143;112;184;102;255;112;0;0;112;199;98;104;130;202;151;138;68;255;187;0;114;189;153;102;153;0;0;255;255;0;0
8;180;209;113;254;95;0;255;165;255;48;0;113;142;255;255;113;142;113;184;102;255;113;0;0;113;199;99;105;131;202;153;139;72;255;183;217;83;25;153;204;153;170;0;255;255;255;255
6;181;207;117;254;92;0;255;171;255;50;0;114;141;255;255;114;141;114;185;102;255;114;0;0;114;198;100;106;132;203;154;139;76;255;179;237;177;32;153;255;153;255;0;0;0;0;255
4;182;206;121;254;89;0;255;177;255;53;0;115;140;255;255;115;140;115;185;102;255;115;0;0;115;198;101;107;132;203;155;140;80;255;175;126;47;142;204;0;153;255;128;0;0;0;0
2;183;204;125;255;86;0;255;183;255;56;0;116;139;255;255;116;139;116;186;102;255;116;0;0;116;197;102;108;133;203;156;140;84;255;171;119;172;48;204;51;153;255;255;0;255;0;0
1;183;202;128;255;83;0;255;189;255;58;0;117;138;255;255;117;138;117;186;102;255;117;0;0;117;197;102;110;134;204;158;141;88;255;167;77;190;238;204;102;153;0;255;0;255;255;255
0;184;201;132;255;81;0;255;195;255;61;0;118;137;255;255;118;137;118;187;102;255;118;0;0;118;196;103;111;135;204;159;142;92;255;163;162;20;47;204;153;153;0;0;255;0;0;255
0;185;199;136;255;78;0;255;201;255;64;0;119;136;255;255;119;136;119;187;102;255;119;0;0;119;195;104;112;136;205;160;142;96;255;159;0;114;189;204;204;153;170;0;255;0;0;0
0;186;198;139;255;75;0;255;207;255;66;0;120;135;255;255;120;135;120;188;102;255;120;0;0;120;195;105;113;137;205;161;143;100;255;155;217;83;25;204;255;153;255;0;0;255;0;0
1;186;196;143;255;73;0;255;213;255;69;0;121;134;255;255;121;134;121;188;102;255;121;0;0;121;195;106;115;138;206;163;143;104;255;151;237;177;32;255;0;153;255;128;0;255;255;255
2;187;194;146;255;71;0;255;219;255;72;0;122;133;255;255;122;133;122;189;102;255;122;0;0;122;194;107;116;139;206;164;144;108;255;147;126;47;142;255;51;153;255;255;0;0;0;255
4;187;193;150;254;68;0;255;225;255;74;0;123;132;255;255;123;132;123;189;102;255;123;0;0;123;194;108;117;140;206;165;145;112;255;143;119;172;48;255;102;153;0;255;0;0;0;0
6;188;191;153;254;66;0;255;231;255;77;0;124;131;255;255;124;131;124;190;102;255;124;0;0;124;193;109;118;140;207;166;145;116;255;139;77;190;238;255;153;153;0;0;255;255;0;0
9;189;189;156;254;64;0;255;237;255;80;0;125;130;255;255;125;130;125;190;102;255;125;0;0;125;193;109;119;141;207;167;146;120;255;135;162;20;47;255;204;153;170;0;255;255;255;255
13;189;188;159;253;63;0;255;243;255;82;0;126;129;255;255;126;129;126;191;102;255;126;0;0;126;192;110;121;142;208;169;146;124;255;131;0;114;189;255;255;153;255;0;0;0;0;255
16;190;186;161;253;61;0;255;249;255;85;0;127;128;255;255;127;128;127;191;102;255;127;0;0;127;192;111;122;143;208;170;147;128;255;128;217;83;25;0;51;204;255;128;0;0;0;0
20;190;184;164;252;60;0;255;255;255;88;0;128;127;255;255;128;127;128;192;102;255;128;0;0;128;191;112;123;144;208;171;148;131;255;124;237;177;32;0;102;204;255;255;0;255;0;0
23;191;182;167;252;58;0;249;255;255;90;0;129;126;255;255;129;126;129;192;102;255;129;0;0;129;191;113;124;145;209;172;148;135;255;120;126;47;142;0;153;204;0;255;0;255;255;255
26;192;181;169;251;57;0;243;255;255;93;0;130;125;255;255;130;125;130;193;102;255;130;0;0;130;190;114;125;146;209;173;149;139;255;116;119;172;48;0;204;204;0;0;255;0;0;255
29;192;179;172;251;56;0;237;255;255;96;0;131;124;255;255;131;124;131;193;102;255;131;0;0;131;190;115;127;147;210;174;149;143;255;112;77;190;238;0;255;204;170;0;255;0;0;0
32;193;177;175;250;55;0;231;255;255;98;0;132;123;255;255;132;123;132;194;102;255;132;0;0;132;189;116;128;147;210;175;150;147;255;108;162;20;47;51;0;204;255;0;0;255;0;0
35;193;175;177;249;54;0;225;255;255;101;0;133;122;255;255;133;122;133;194;102;255;133;0;0;133;189;116;129;148;210;177;150;151;255;104;0;114;189;51;51;204;255;128;0;255;255;255
37;194;174;180;248;54;0;219;255;255;104;0;134;121;255;255;134;121;134;195;102;255;134;0;0;134;188;117;130;149;211;178;151;155;255;100;217;83;25;51;102;204;255;255;0;0;0;255
39;194;172;183;247;53;0;213;255;255;106;0;135;120;255;255;135;120;135;195;102;255;135;0;0;135;188;118;131;150;211;179;151;159;255;96;237;177;32;51;153;204;0;255;0;0;0;0
41;195;170;185;246;53;0;207;255;255;109;0;136;119;255;255;136;119;136;195;102;255;136;0;0;136;187;119;133;151;212;180;152;163;255;92;126;47;142;51;204;204;0;0;255;255;0;0
43;195;168;188;245;52;0;201;255;255;112;0;137;118;255;255;137;118;137;196;102;255;137;0;0;137;187;120;134;152;212;181;153;167;255;88;119;172;48;51;255;204;170;0;255;255;255;255
44;196;166;190;244;52;0;195;255;255;114;0;138;117;255;255;138;117;138;196;102;255;138;0;0;138;186;121;135;153;212;182;153;171;255;84;77;190;238;102;0;204;255;0;0;0;0;255
46;196;165;193;243;52;0;189;255;255;117;0;139;116;255;255;139;116;139;197;102;255;139;0;0;139;186;122;136;154;213;183;154;175;255;80;162;20;47;102;51;204;255;128;0;0;0;0
47;197;163;195;241;52;0;183;255;255;120;0;140;115;255;255;140;115;140;198;102;255;140;0;0;140;185;123;137;154;213;184;154;179;255;76;0;114;189;102;102;204;255;255;0;255;0;0
49;197;161;198;240;52;0;177;255;255;122;0;141;114;255;255;141;114;141;198;102;255;141;0;0;141;185;123;139;155;214;185;155;183;255;72;217;83;25;102;153;204;0;255;0;255;255;255
50;198;159;200;239;52;0;171;255;255;125;0;142;113;255;255;142;113;142;199;102;255;142;0;0;142;184;124;140;156;214;186;155;187;255;68;237;177;32;102;204;204;0;0;255;0;0;255
51;199;157;203;237;52;0;165;255;255;128;0;143;112;255;255;143;112;143;199;102;255;143;0;0;143;184;125;141;157;214;187;156;191;255;64;126;47;142;102;255;204;170;0;255;0;0;0
53;199;155;205;236;52;0;159;255;255;130;0;144;111;255;255;144;111;144;200;102;255;144;0;0;144;183;126;142;158;215;189;156;195;255;60;119;172;48;153;0;204;255;0;0;255;0;0
54;200;153;208;234;52;0;153;255;255;133;0;145;110;255;255;145;110;145;200;102;255;145;0;0;145;183;127;143;159;215;190;157;199;255;56;77;190;238;153;51;204;255;128;0;255;255;255
56;200;150;210;233;53;0;147;255;255;135;0;146;109;255;255;146;109;146;201;102;255;146;0;0;146;182;128;145;160;216;191;158;203;255;52;162;20;47;153;102;204;255;255;0;0;0;255
57;201;148;212;231;53;0;141;255;255;138;0;147;108;255;255;147;108;147;201;102;255;147;0;0;147;182;129;146;161;216;192;158;207;255;48;0;114;189;153;153;204;0;255;0;0;0;0
59;201;146;215;229;53;0;135;255;255;141;0;148;107;255;255;148;107;148;202;102;255;148;0;0;148;181;130;147;161;216;193;159;211;255;44;217;83;25;153;204;204;0;0;255;255;0;0
61;202;144;217;228;54;0;129;255;255;143;0;149;106;255;255;149;106;149;202;102;255;149;0;0;149;180;130;148;162;217;194;159;215;255;40;237;177;32;153;255;204;170;0;255;255;255;255
64;202;141;219;226;54;0;124;255;255;146;0;150;105;255;255;150;105;150;203;102;255;150;0;0;150;180;131;150;163;217;195;160;219;255;36;126;47;142;204;0;204;255;0;0;0;0;255
66;202;139;221;224;55;0;118;255;255;149;0;151;104;255;255;151;104;151;203;102;255;151;0;0;151;179;132;151;164;218;196;160;223;255;32;119;172;48;204;51;204;255;128;0;0;0;0
69;203;137;223;223;55;0;112;255;255;151;0;152;103;255;255;152;103;152;204;102;255;152;0;0;152;179;133;152;165;218;197;161;227;255;28;77;190;238;204;102;204;255;255;0;255;0;0
72;203;134;225;221;55;0;106;255;255;154;0;153;102;255;255;153;102;153;204;102;255;153;0;0;153;179;134;153;166;218;198;161;231;255;24;162;20;47;204;153;204;0;255;0;255;255;255
75;203;132;227;219;56;0;100;255;255;157;0;154;101;255;255;154;101;154;205;102;255;154;0;0;154;178;135;154;167;219;199;162;235;255;20;0;114;189;204;255;204;0;0;255;0;0;255
78;204;129;229;217;56;0;94;255;255;159;0;155;100;255;255;155;100;155;205;102;255;155;0;0;155;178;136;156;168;219;200;162;239;255;16;217;83;25;255;0;204;170;0;255;0;0;0
81;204;127;231;215;57;0;88;255;255;162;0;156;99;255;255;156;99;156;206;102;255;156;0;0;156;177;137;157;168;220;201;163;243;255;12;237;177;32;255;51;204;255;0;0;255;0;0
84;204;124;233;213;57;0;82;255;255;165;0;157;98;255;255;157;98;157;206;102;255;157;0;0;157;177;137;158;169;220;202;163;247;255;8;126;47;142;255;102;204;255;128;0;255;255;255
87;204;122;235;211;57;0;76;255;255;167;0;158;97;255;255;158;97;158;207;102;255;158;0;0;158;176;138;159;170;220;203;164;251;255;4;119;172;48;255;153;204;255;255;0;0;0;255
90;204;119;236;209;58;0;70;255;255;170;0;159;96;255;255;159;96;159;207;102;255;159;0;0;159;176;139;160;171;221;204;164;255;255;0;77;190;238;255;204;204;0;255;0;0;0;0
94;205;116;238;207;58;0;64;255;255;173;0;160;95;255;255;160;95;160;208;102;255;160;0;0;160;175;140;162;172;221;205;165;255;251;0;162;20;47;255;255;204;0;0;255;255;0;0
97;205;114;239;205;58;0;58;255;255;175;0;161;94;255;255;161;94;161;208;102;255;161;0;0;161;175;141;163;173;221;206;165;255;247;0;0;114;189;0;51;255;170;0;255;255;255;255
100;205;111;241;203;58;0;52;255;255;178;0;162;93;255;255;162;93;162;209;102;255;162;0;0;162;174;142;164;174;222;207;166;255;243;0;217;83;25;0;102;255;255;0;0;0;0;255
103;205;108;242;201;58;0;46;255;255;181;0;163;92;255;255;163;92;163;209;102;255;163;0;0;163;174;143;165;175;222;208;166;255;239;0;237;177;32;0;153;255;255;128;0;0;0;0
107;205;105;244;199;58;0;40;255;255;183;0;164;91;255;255;164;91;164;210;102;255;164;0;0;164;173;144;166;175;223;208;167;255;235;0;126;47;142;0;204;255;255;255;0;255;0;0
110;205;102;245;197;58;0;34;255;255;186;0;165;90;255;255;165;90;165;210;102;255;165;0;0;165;173;144;168;176;223;209;167;255;231;0;119;172;48;0;255;255;0;255;0;255;255;255
114;205;100;246;195;58;0;28;255;255;189;0;166;89;255;255;166;89;166;211;102;255;166;0;0;166;172;145;169;177;223;210;168;255;227;0;77;190;238;51;0;255;0;0;255;0;0;255
118;204;97;247;193;58;0;22;255;255;191;0;167;88;255;255;167;88;167;211;102;255;167;0;0;167;172;146;170;178;224;211;168;255;223;0;162;20;47;51;51;255;170;0;255;0;0;0
121;204;94;248;190;57;0;16;255;255;194;0;168;87;255;255;168;87;168;211;102;255;168;0;0;168;171;147;171;179;224;212;169;255;219;0;0;114;189;51;102;255;255;0;0;255;0;0
125;204;91;249;188;57;0;10;255;255;197;0;169;86;255;255;169;86;169;212;102;255;169;0;0;169;171;148;172;180;225;213;169;255;215;0;217;83;25;51;153;255;255;128;0;255;255;255
129;204;89;250;186;57;0;4;255;255;199;0;170;85;255;255;170;85;170;212;102;255;170;0;0;170;170;149;174;181;225;214;170;255;211;0;237;177;32;51;204;255;255;255;0;0;0;255
132;204;86;251;184;56;2;0;255;255;202;0;171;84;255;255;171;84;171;213;102;255;171;0;0;171;170;150;175;181;225;215;170;255;207;0;126;47;142;51;255;255;0;255;0;0;0;0
136;203;83;251;182;55;8;0;255;255;205;0;172;83;255;255;172;83;172;214;102;255;172;0;0;172;169;151;176;182;226;216;171;255;203;0;119;172;48;102;0;255;0;0;255;255;0;0
139;203;81;252;179;54;14;0;255;255;207;0;173;82;255;255;173;82;173;214;102;255;173;0;0;173;169;151;177;183;226;217;171;255;199;0;77;190;238;102;51;255;170;0;255;255;255;255
143;203;78;252;177;54;20;0;255;255;210;0;174;81;255;255;174;81;174;215;102;255;174;0;0;174;168;152;178;184;226;218;172;255;195;0;162;20;47;102;102;255;255;0;0;0;0;255
147;202;75;253;174;53;26;0;255;255;213;0;175;80;255;255;175;80;175;215;102;255;175;0;0;175;168;153;180;185;227;219;172;255;191;0;0;114;189;102;153;255;255;128;0;0;0;0
150;202;72;253;172;52;32;0;255;255;215;0;176;79;255;255;176;79;176;216;102;255;176;0;0;176;167;154;181;186;227;220;173;255;187;0;217;83;25;102;204;255;255;255;0;255;0;0
154;201;70;254;169;51;38;0;255;255;218;0;177;78;255;255;177;78;177;216;102;255;177;0;0;177;167;155;182;187;228;220;173;255;183;0;237;177;32;102;255;255;0;255;0;255;255;255
157;201;67;254;167;50;44;0;255;255;220;0;178;77;255;255;178;77;178;217;102;255;178;0;0;178;166;156;183;188;228;221;174;255;179;0;126;47;142;153;0;255;0;0;255;0;0;255
161;200;64;254;164;49;50;0;255;255;223;0;179;76;255;255;179;76;179;217;102;255;179;0;0;179;166;157;185;188;228;222;174;255;175;0;119;172;48;153;51;255;170;0;255;0;0;0
164;200;62;254;161;48;56;0;255;255;226;0;180;75;255;255;180;75;180;218;102;255;180;0;0;180;165;158;186;189;229;223;175;255;171;0;77;190;238;153;102;255;255;0;0;255;0;0
167;199;59;254;158;47;62;0;255;255;228;0;181;74;255;255;181;74;181;218;102;255;181;0;0;181;164;158;187;190;229;224;175;255;167;0;162;20;47;153;153;255;255;128;0;255;255;255
171;199;57;254;155;45;68;0;255;255;231;0;182;73;255;255;182;73;182;219;102;255;182;0;0;182;164;159;188;191;229;225;176;255;163;0;0;114;189;153;204;255;255;255;0;0;0;255
174;198;55;254;153;44;74;0;255;255;234;0;183;72;255;255;183;72;183;219;102;255;183;0;0;183;163;160;189;192;230;226;176;255;159;0;217;83;25;153;255;255;0;255;0;0;0;0
178;198;53;254;150;43;80;0;255;255;236;0;184;71;255;255;184;71;184;220;102;255;184;0;0;184;163;161;191;193;230;227;177;255;155;0;237;177;32;204;0;255;0;0;255;255;0;0
181;197;51;254;147;42;86;0;255;255;239;0;185;70;255;255;185;70;185;220;102;255;185;0;0;185;163;162;192;194;230;228;177;255;151;0;126;47;142;204;51;255;170;0;255;255;255;255
184;196;49;254;144;41;92;0;255;255;242;0;186;69;255;255;186;69;186;221;102;255;186;0;0;186;162;163;193;195;231;228;178;255;147;0;119;172;48;204;102;255;255;0;0;0;0;255
187;196;47;253;141;39;98;0;255;255;244;0;187;68;255;255;187;68;187;221;102;255;187;0;0;187;162;164;194;195;231;229;178;255;143;0;77;190;238;204;153;255;255;128;0;0;0;0
190;195;45;253;138;38;104;0;255;255;247;0;188;67;255;255;188;67;188;222;102;255;188;0;0;188;161;165;195;196;232;230;179;255;139;0;162;20;47;204;204;255;255;255;0;255;0;0
194;195;44;252;135;37;110;0;255;255;250;0;189;66;255;255;189;66;189;222;102;255;189;0;0;189;161;165;197;197;232;231;179;255;135;0;0;114;189;204;255;255;0;255;0;255;255;255
197;194;42;252;132;35;116;0;255;255;252;0;190;65;255;255;190;65;190;223;102;255;190;0;0;190;160;166;198;198;232;232;180;255;131;0;217;83;25;255;0;255;0;0;255;0;0;255
200;193;41;251;129;34;122;0;255;255;255;0;191;64;255;255;191;64;191;223;102;255;191;0;0;191;160;167;199;199;233;233;180;255;128;0;237;177;32;255;51;255;170;0;255;0;0;0
203;193;40;251;126;33;128;0;255;255;255;4;192;63;255;255;192;63;192;224;102;255;192;0;0;192;159;168;200;200;233;233;182;255;124;0;126;47;142;255;102;255;255;0;0;255;0;0
206;192;39;250;123;31;133;0;255;255;255;8;193;62;255;255;193;62;193;224;102;255;193;0;0;193;159;170;201;201;233;233;183;255;120;0;119;172;48;255;153;255;255;128;0;255;255;255
208;191;39;249;120;30;139;0;255;255;255;12;194;61;255;255;194;61;194;225;102;255;194;0;0;194;158;171;202;202;234;234;184;255;116;0;77;190;238;255;204;255;255;255;0;0;0;255
211;191;39;249;117;29;145;0;255;255;255;16;195;60;255;255;195;60;195;225;102;255;195;0;0;195;158;173;203;203;234;234;186;255;112;0;162;20;47;17;0;0;0;255;0;0;0;0
214;190;39;248;114;28;151;0;255;255;255;20;196;59;255;255;196;59;196;226;102;255;196;0;0;196;157;174;203;203;235;235;187;255;108;0;0;114;189;34;0;0;0;0;255;255;0;0
217;190;40;247;111;26;157;0;255;255;255;24;197;58;255;255;197;58;197;226;102;255;197;0;0;197;157;175;204;204;235;235;188;255;104;0;217;83;25;51;0;0;170;0;255;255;255;255
219;189;40;246;108;25;163;0;255;255;255;28;198;57;255;255;198;57;198;227;102;255;198;0;0;198;156;177;205;205;235;235;190;255;100;0;237;177;32;68;0;0;255;0;0;0;0;255
222;188;41;245;105;24;169;0;255;255;255;32;199;56;255;255;199;56;199;227;102;255;199;0;0;199;156;178;206;206;236;236;191;255;96;0;126;47;142;85;0;0;255;128;0;0;0;0
225;188;42;244;102;23;175;0;255;255;255;36;200;55;255;255;200;55;200;227;102;255;200;0;0;200;155;179;207;207;236;236;192;255;92;0;119;172;48;102;0;0;255;255;0;255;0;0
227;188;43;243;99;21;181;0;255;255;255;40;201;54;255;255;201;54;201;228;102;255;201;0;0;201;155;181;208;208;236;236;194;255;88;0;77;190;238;119;0;0;0;255;0;255;255;255
230;187;45;242;96;20;187;0;255;255;255;44;202;53;255;255;202;53;202;228;102;255;202;0;0;202;154;182;209;209;237;237;195;255;84;0;162;20;47;136;0;0;0;0;255;0;0;255
232;187;46;241;93;19;193;0;255;255;255;48;203;52;255;255;203;52;203;229;102;255;203;0;0;203;154;184;210;210;237;237;196;255;80;0;0;114;189;153;0;0;170;0;255;0;0;0
234;186;48;240;91;18;199;0;255;255;255;52;204;51;255;255;204;51;204;230;102;255;204;0;0;204;153;185;210;210;237;237;198;255;76;0;217;83;25;170;0;0;255;0;0;255;0;0
236;186;50;239;88;17;205;0;255;255;255;56;205;50;255;255;205;50;205;230;102;255;205;0;0;205;153;186;211;211;238;238;199;255;72;0;237;177;32;187;0;0;255;128;0;255;255;255
239;186;53;237;85;16;211;0;255;255;255;60;206;49;255;255;206;49;206;231;102;255;206;0;0;206;152;188;212;212;238;238;200;255;68;0;126;47;142;204;0;0;255;255;0;0;0;255
241;186;55;236;83;15;217;0;255;255;255;64;207;48;255;255;207;48;207;231;102;255;207;0;0;207;152;189;213;213;238;238;202;255;64;0;119;172;48;221;0;0;0;255;0;0;0;0
243;186;57;235;80;14;223;0;255;255;255;68;208;47;255;255;208;47;208;232;102;255;208;0;0;208;151;190;214;214;239;239;203;255;60;0;77;190;238;238;0;0;0;0;255;255;0;0
245;186;59;234;78;13;229;0;255;255;255;72;209;46;255;255;209;46;209;232;102;255;209;0;0;209;151;192;215;215;239;239;204;255;56;0;162;20;47;255;0;0;170;0;255;255;255;255
247;186;61;232;75;12;235;0;255;255;255;76;210;45;255;255;210;45;210;233;102;255;210;0;0;210;150;193;216;216;240;240;205;255;52;0;0;114;189;0;17;0;255;0;0;0;0;255
249;186;62;231;73;12;241;0;255;255;255;80;211;44;255;255;211;44;211;233;102;255;211;0;0;211;150;195;217;217;240;240;207;255;48;0;217;83;25;0;34;0;255;128;0;0;0;0
251;187;62;229;71;11;247;0;255;255;255;84;212;43;255;255;212;43;212;234;102;255;212;0;0;212;149;196;217;217;240;240;208;255;44;0;237;177;32;0;51;0;255;255;0;255;0;0
252;188;62;228;69;10;253;0;255;255;255;88;213;42;255;255;213;42;213;234;102;255;213;0;0;213;148;197;218;218;241;241;209;255;40;0;126;47;142;0;68;0;0;255;0;255;255;255
254;189;61;226;67;10;255;0;251;255;255;92;214;41;255;255;214;41;214;235;102;255;214;0;0;214;148;199;219;219;241;241;210;255;36;0;119;172;48;0;85;0;0;0;255;0;0;255
254;190;60;225;65;9;255;0;245;255;255;96;215;40;255;255;215;40;215;235;102;255;215;0;0;215;147;200;220;220;241;241;211;255;32;0;77;190;238;0;102;0;170;0;255;0;0;0
254;192;59;223;63;8;255;0;239;255;255;100;216;39;255;255;216;39;216;236;102;255;216;0;0;216;147;201;221;221;242;242;213;255;28;0;162;20;47;0;119;0;255;0;0;255;0;0
254;193;58;221;61;8;255;0;233;255;255;104;217;38;255;255;217;38;217;236;102;255;217;0;0;217;147;203;222;222;242;242;214;255;24;0;0;114;189;0;136;0;255;128;0;255;255;255
254;194;57;220;59;7;255;0;227;255;255;108;218;37;255;255;218;37;218;237;102;255;218;0;0;218;146;204;223;223;242;242;215;255;20;0;217;83;25;0;153;0;255;255;0;0;0;255
254;196;56;218;57;7;255;0;221;255;255;112;219;36;255;255;219;36;219;237;102;255;219;0;0;219;146;206;224;224;243;243;216;255;16;0;237;177;32;0;170;0;0;255;0;0;0;0
254;197;55;216;55;6;255;0;215;255;255;116;220;35;255;255;220;35;220;238;102;255;220;0;0;220;145;207;224;224;243;243;217;255;12;0;126;47;142;0;187;0;0;0;255;255;0;0
254;199;53;214;53;6;255;0;209;255;255;120;221;34;255;255;221;34;221;238;102;255;221;0;0;221;145;208;225;225;243;243;218;255;8;0;119;172;48;0;204;0;170;0;255;255;255;255
254;200;52;212;51;5;255;0;203;255;255;124;222;33;255;255;222;33;222;239;102;255;222;0;0;222;144;210;226;226;244;244;220;255;4;0;77;190;238;0;221;0;255;0;0;0;0;255
254;202;51;210;49;5;255;0;197;255;255;128;223;32;255;255;223;32;223;239;102;255;223;0;0;223;144;211;227;227;244;244;221;255;0;0;162;20;47;0;238;0;255;128;0;0;0;0
253;203;50;208;47;5;255;0;191;255;255;131;224;31;255;255;224;31;224;240;102;255;224;0;0;224;143;212;228;228;244;244;222;251;0;0;0;114;189;0;255;0;255;255;0;255;0;0
253;205;49;206;45;4;255;0;185;255;255;135;225;30;255;255;225;30;225;240;102;255;225;0;0;225;143;214;229;229;245;245;223;247;0;0;217;83;25;0;0;17;0;255;0;255;255;255
253;206;49;204;43;4;255;0;179;255;255;139;226;29;255;255;226;29;226;241;102;255;226;0;0;226;142;215;230;230;245;245;224;243;0;0;237;177;32;0;0;34;0;0;255;0;0;255
252;208;48;202;42;4;255;0;173;255;255;143;227;28;255;255;227;28;227;241;102;255;227;0;0;227;142;217;230;230;245;245;225;239;0;0;126;47;142;0;0;51;170;0;255;0;0;0
251;210;47;200;40;3;255;0;167;255;255;147;228;27;255;255;228;27;228;242;102;255;228;0;0;228;141;218;231;231;246;246;226;235;0;0;119;172;48;0;0;68;255;0;0;255;0;0
251;211;46;197;38;3;255;0;161;255;255;151;229;26;255;255;229;26;229;242;102;255;229;0;0;229;141;219;232;232;246;246;228;231;0;0;77;190;238;0;0;85;255;128;0;255;255;255
250;213;46;195;37;3;255;0;155;255;255;155;230;25;255;255;230;25;230;243;102;255;230;0;0;230;140;221;233;233;247;247;229;227;0;0;162;20;47;0;0;102;255;255;0;0;0;255
249;214;45;193;35;2;255;0;149;255;255;159;231;24;255;255;231;24;231;243;102;255;231;0;0;231;140;222;234;234;247;247;230;223;0;0;0;114;189;0;0;119;0;255;0;0;0;0
249;216;44;190;33;2;255;0;143;255;255;163;232;23;255;255;232;23;232;243;102;255;232;0;0;232;139;223;235;235;247;247;231;219;0;0;217;83;25;0;0;136;0;0;255;255;0;0
248;217;43;188;32;2;255;0;137;255;255;167;233;22;255;255;233;22;233;244;102;255;233;0;0;233;139;225;236;236;248;248;232;215;0;0;237;177;32;0;0;153;170;0;255;255;255;255
247;219;42;185;30;2;255;0;131;255;255;171;234;21;255;255;234;21;234;244;102;255;234;0;0;234;138;226;237;237;248;248;233;211;0;0;126;47;142;0;0;170;255;0;0;0;0;255
247;221;42;183;29;2;255;0;126;255;255;175;235;20;255;255;235;20;235;245;102;255;235;0;0;235;138;228;237;237;248;248;234;207;0;0;119;172;48;0;0;187;255;128;0;0;0;0
246;222;41;180;27;1;255;0;120;255;255;179;236;19;255;255;236;19;236;246;102;255;236;0;0;236;137;229;238;238;249;249;235;203;0;0;77;190;238;0;0;204;255;255;0;255;0;0
246;224;40;178;26;1;255;0;114;255;255;183;237;18;255;255;237;18;237;246;102;255;237;0;0;237;137;230;239;239;249;249;236;199;0;0;162;20;47;0;0;221;0;255;0;255;255;255
245;225;40;175;24;1;255;0;108;255;255;187;238;17;255;255;238;17;238;247;102;255;238;0;0;238;136;232;240;240;249;249;237;195;0;0;0;114;189;0;0;238;0;0;255;0;0;255
245;227;39;172;23;1;255;0;102;255;255;191;239;16;255;255;239;16;239;247;102;255;239;0;0;239;136;233;241;241;250;250;239;191;0;0;217;83;25;0;0;255;170;0;255;0;0;0
245;229;38;169;22;1;255;0;96;255;255;195;240;15;255;255;240;15;240;248;102;255;240;0;0;240;135;234;242;242;250;250;240;187;0;0;237;177;32;0;0;0;255;0;0;255;0;0
245;230;38;167;20;1;255;0;90;255;255;199;241;14;255;255;241;14;241;248;102;255;241;0;0;241;135;236;243;243;250;250;241;183;0;0;126;47;142;17;17;17;255;128;0;255;255;255
245;232;37;164;19;1;255;0;84;255;255;203;242;13;255;255;242;13;242;249;102;255;242;0;0;242;134;237;244;244;251;251;242;179;0;0;119;172;48;34;34;34;255;255;0;0;0;255
245;233;36;161;18;1;255;0;78;255;255;207;243;12;255;255;243;12;243;249;102;255;243;0;0;243;134;239;244;244;251;251;243;175;0;0;77;190;238;51;51;51;0;255;0;0;0;0
245;235;35;158;16;1;255;0;72;255;255;211;244;11;255;255;244;11;244;250;102;255;244;0;0;244;133;240;245;245;251;251;244;171;0;0;162;20;47;68;68;68;0;0;255;255;0;0
245;236;34;155;15;1;255;0;66;255;255;215;245;10;255;255;245;10;245;250;102;255;245;0;0;245;132;241;246;246;252;252;245;167;0;0;0;114;189;85;85;85;170;0;255;255;255;255
245;238;33;152;14;1;255;0;60;255;255;219;246;9;255;255;246;9;246;251;102;255;246;0;0;246;132;243;247;247;252;252;246;163;0;0;217;83;25;102;102;102;255;0;0;0;0;255
246;239;32;149;13;1;255;0;54;255;255;223;247;8;255;255;247;8;247;251;102;255;247;0;0;247;132;244;248;248;252;252;247;159;0;0;237;177;32;119;119;119;255;128;0;0;0;0
246;241;31;146;11;1;255;0;48;255;255;227;248;7;255;255;248;7;248;252;102;255;248;0;0;248;131;245;249;249;253;253;248;155;0;0;126;47;142;136;136;136;255;255;0;255;0;0
246;242;30;142;10;1;255;0;42;255;255;231;249;6;255;255;249;6;249;252;102;255;249;0;0;249;131;247;250;250;253;253;249;151;0;0;119;172;48;153;153;153;0;255;0;255;255;255
247;244;28;139;9;2;255;0;36;255;255;235;250;5;255;255;250;5;250;253;102;255;250;0;0;250;130;248;251;251;253;253;250;147;0;0;77;190;238;170;170;170;0;0;255;0;0;255
247;245;27;136;8;2;255;0;30;255;255;239;251;4;255;255;251;4;251;253;102;255;251;0;0;251;130;250;251;251;254;254;251;143;0;0;162;20;47;187;187;187;170;0;255;0;0;0
248;247;26;133;7;2;255;0;24;255;255;243;252;3;255;255;252;3;252;254;102;255;252;0;0;252;129;251;252;252;254;254;252;139;0;0;0;114;189;204;204;204;255;0;0;255;0;0
248;248;24;129;6;2;255;0;18;255;255;247;253;2;255;255;253;2;253;254;102;255;253;0;0;253;129;252;253;253;254;254;253;135;0;0;217;83;25;221;221;221;255;128;0;255;255;255
249;249;22;126;5;2;255;0;12;255;255;251;254;1;255;255;254;1;254;255;102;255;254;0;0;254;128;254;254;254;255;255;254;131;0;0;237;177;32;238;238;238;255;255;0;0;0;255
249;251;21;122;4;3;255;0;6;255;255;255;255;0;255;255;255;0;255;255;102;255;255;0;0;255;128;255;255;255;255;255;255;128;0;0;126;47;142;255;255;255;0;255;0;0;0;0
